strategy,num_customers,total_incremental_balance,total_incremental_revenue,total_incremental_expected_loss,net_expected_value,avg_predicted_default_prob,roi_pct
A: Naive SQL rule,5175,3525104.4749999996,492512.97132449993,374432.4517881874,118080.51953631254,0.10896591532589867,31.53586687595911
B: Model-refined (drop riskiest 25%),3881,2714067.7649999997,368764.484112,238288.49659493752,130475.98751706247,0.08898404217771605,54.755470524813596
